Fascia_età,Situazione_lavorativa,Reddito_mensile,Storico_creditizio,Importo_richiesto,Finalità_prestito,Esito_richiesta
18-25,disoccupato,nessuno,assente,molto_basso,formazione,valutazione_manual
26-40,tempo_indeterminato,medio,regolare,medio,avvio_attività,approvato
41-60,autonomo,medio,regolare,basso,acquisto_strumenti,approvato
26-40,precario,basso,ritardi_passati,basso,formazione,valutazione_manual
>60,pensionato,basso,regolare,molto_basso,altro,approvato
18-25,studente,basso,assente,molto_basso,formazione,valutazione_manual
26-40,tempo_determinato,medio,regolare,medio,avvio_attività,approvato
41-60,tempo_indeterminato,alto,regolare,alto,avvio_attività,approvato
26-40,disoccupato,nessuno,ritardi_passati,basso,altro,respinto
18-25,precario,basso,assente,basso,acquisto_strumenti,valutazione_manual
41-60,autonomo,alto,regolare,medio,avvio_attività,approvato
26-40,tempo_determinato,medio,ritardi_passati,medio,acquisto_strumenti,valutazione_manual
26-40,tempo_indeterminato,alto,regolare,alto,avvio_attività,approvato
41-60,disoccupato,nessuno,insolvenze,basso,altro,respinto
18-25,precario,basso,ritardi_passati,molto_basso,formazione,valutazione_manual
26-40,autonomo,medio,regolare,medio,acquisto_strumenti,approvato
>60,pensionato,medio,regolare,basso,altro,approvato
26-40,tempo_determinato,basso,ritardi_passati,basso,avvio_attività,valutazione_manual
41-60,tempo_indeterminato,medio,regolare,medio,avvio_attività,approvato
18-25,disoccupato,nessuno,insolvenze,molto_basso,altro,respinto
26-40,precario,basso,assente,basso,formazione,valutazione_manual
41-60,autonomo,alto,regolare,alto,acquisto_strumenti,approvato
26-40,tempo_indeterminato,medio,regolare,medio,avvio_attività,approvato
18-25,studente,nessuno,assente,molto_basso,formazione,valutazione_manual
41-60,tempo_determinato,medio,ritardi_passati,medio,avvio_attività,valutazione_manual
26-40,disoccupato,nessuno,insolvenze,basso,altro,respinto
>60,pensionato,basso,regolare,molto_basso,altro,approvato
26-40,autonomo,medio,regolare,medio,avvio_attività,approvato
18-25,precario,basso,ritardi_passati,basso,acquisto_strumenti,valutazione_manual
41-60,tempo_indeterminato,alto,regolare,alto,avvio_attività,approvato
26-40,tempo_determinato,medio,regolare,medio,formazione,approvato
18-25,disoccupato,nessuno,assente,molto_basso,altro,valutazione_manual
41-60,autonomo,medio,ritardi_passati,basso,acquisto_strumenti,valutazione_manual
26-40,tempo_indeterminato,alto,regolare,alto,avvio_attività,approvato
26-40,precario,basso,insolvenze,basso,altro,respinto
>60,pensionato,medio,regolare,molto_basso,altro,approvato
18-25,studente,basso,assente,basso,formazione,valutazione_manual
41-60,tempo_determinato,medio,regolare,medio,avvio_attività,approvato
26-40,autonomo,alto,regolare,alto,acquisto_strumenti,approvato
18-25,precario,basso,ritardi_passati,molto_basso,formazione,valutazione_manual
41-60,disoccupato,nessuno,insolvenze,basso,altro,respinto
26-40,tempo_indeterminato,medio,regolare,medio,avvio_attività,approvato
26-40,tempo_determinato,basso,ritardi_passati,basso,acquisto_strumenti,valutazione_manual
18-25,disoccupato,nessuno,assente,molto_basso,formazione,valutazione_manual
41-60,autonomo,alto,regolare,alto,avvio_attività,approvato
>60,pensionato,basso,regolare,molto_basso,altro,approvato
26-40,precario,basso,ritardi_passati,basso,avvio_attività,valutazione_manual
41-60,tempo_indeterminato,medio,regolare,medio,acquisto_strumenti,approvato
18-25,studente,nessuno,assente,molto_basso,formazione,valutazione_manual
26-40,autonomo,medio,regolare,medio,avvio_attività,approvato
41-60,tempo_determinato,medio,ritardi_passati,medio,altro,valutazione_manual
26-40,disoccupato,nessuno,insolvenze,basso,altro,respinto
18-25,precario,basso,assente,basso,formazione,valutazione_manual
41-60,tempo_indeterminato,alto,regolare,alto,avvio_attività,approvato
26-40,autonomo,medio,regolare,medio,acquisto_strumenti,approvato
>60,pensionato,medio,regolare,basso,altro,approvato
18-25,disoccupato,nessuno,ritardi_passati,molto_basso,formazione,valutazione_manual
26-40,tempo_determinato,medio,regolare,medio,avvio_attività,approvato
41-60,autonomo,alto,regolare,alto,acquisto_strumenti,approvato
26-40,precario,basso,ritardi_passati,basso,formazione,valutazione_manual
18-25,studente,basso,assente,molto_basso,formazione,valutazione_manual
41-60,disoccupato,nessuno,insolvenze,basso,altro,respinto
26-40,tempo_indeterminato,medio,regolare,medio,avvio_attività,approvato
26-40,autonomo,alto,regolare,alto,avvio_attività,approvato
18-25,precario,basso,ritardi_passati,basso,acquisto_strumenti,valutazione_manual
41-60,tempo_determinato,medio,regolare,medio,altro,approvato
26-40,disoccupato,nessuno,insolvenze,basso,altro,respinto
>60,pensionato,basso,regolare,molto_basso,altro,approvato
18-25,studente,nessuno,assente,molto_basso,formazione,valutazione_manual
26-40,tempo_indeterminato,alto,regolare,alto,avvio_attività,approvato
41-60,autonomo,medio,ritardi_passati,medio,acquisto_strumenti,valutazione_manual
26-40,precario,basso,assente,basso,formazione,valutazione_manual
18-25,disoccupato,nessuno,insolvenze,molto_basso,altro,respinto
41-60,tempo_indeterminato,medio,regolare,medio,avvio_attività,approvato
26-40,autonomo,alto,regolare,alto,acquisto_strumenti,approvato
18-25,precario,basso,ritardi_passati,basso,formazione,valutazione_manual
41-60,tempo_determinato,medio,regolare,medio,avvio_attività,approvato
26-40,disoccupato,nessuno,insolvenze,basso,altro,respinto
>60,pensionato,medio,regolare,basso,altro,approvato
18-25,studente,basso,assente,molto_basso,formazione,valutazione_manual
26-40,tempo_indeterminato,medio,regolare,medio,avvio_attività,approvato
41-60,autonomo,alto,regolare,alto,acquisto_strumenti,approvato
26-40,precario,basso,ritardi_passati,basso,formazione,valutazione_manual
18-25,disoccupato,nessuno,assente,molto_basso,altro,valutazione_manual
41-60,tempo_determinato,medio,ritardi_passati,medio,avvio_attività,valutazione_manual
26-40,autonomo,medio,regolare,medio,acquisto_strumenti,approvato
>60,pensionato,basso,regolare,molto_basso,altro,approvato
18-25,studente,nessuno,assente,molto_basso,formazione,valutazione_manual
26-40,tempo_indeterminato,alto,regolare,alto,avvio_attività,approvato
41-60,disoccupato,nessuno,insolvenze,basso,altro,respinto
26-40,precario,basso,ritardi_passati,basso,formazione,valutazione_manual
18-25,disoccupato,nessuno,insolvenze,molto_basso,altro,respinto
41-60,autonomo,medio,regolare,medio,acquisto_strumenti,approvato
26-40,tempo_determinato,medio,regolare,medio,avvio_attività,approvato
18-25,precario,basso,assente,basso,formazione,valutazione_manual
41-60,tempo_indeterminato,alto,regolare,alto,avvio_attività,approvato
26-40,disoccupato,nessuno,ritardi_passati,basso,altro,respinto
>60,pensionato,medio,regolare,basso,altro,approvato
18-25,studente,basso,assente,molto_basso,formazione,valutazione_manual
26-40,autonomo,medio,regolare,medio,acquisto_strumenti,approvato
41-60,tempo_determinato,medio,ritardi_passati,medio,avvio_attività,valutazione_manual
26-40,precario,basso,assente,basso,formazione,valutazione_manual
